Status,CPU,RAM,Storage,Storage type,GPU,Screen,Touch,Final Price
1,38391,8,512,1,0,15.6,0,1008.9999999999999
1,4541,8,256,1,0,15.6,0,299.0
1,14914,8,256,1,0,15.6,0,789.0
1,46877,16,1000,1,12975,15.6,0,1199.0
1,38391,16,512,1,0,15.6,0,669.01
1,46877,32,1000,1,19388,17.3,0,1699.0
1,28856,8,256,1,0,14.0,0,909.0
1,46877,8,512,1,0,15.6,0,809.01
1,38391,8,256,1,0,15.6,0,519.0
1,46877,16,512,1,12975,16.1,0,1149.0
1,4541,8,256,1,0,15.6,0,349.0
1,46877,16,1000,1,15128,15.6,0,1399.0
1,36398,16,512,1,12975,15.6,0,1199.0
1,28856,16,512,1,0,15.6,0,476.99
1,13516,8,256,1,0,15.6,0,391.0
1,38391,8,512,1,0,15.6,0,699.0
1,38391,16,512,1,0,15.6,0,799.0
1,14914,8,512,1,0,15.6,0,549.0
1,46877,8,512,1,0,15.6,0,769.0
1,46877,16,512,1,12975,15.6,0,999.0
1,38391,16,1000,1,19388,15.6,0,1249.0
1,36398,16,512,1,0,15.6,0,789.0
1,36398,16,512,1,0,15.6,0,729.0
1,38391,16,512,1,12975,15.6,0,1099.0
1,14914,8,256,1,0,15.6,0,539.01
1,46877,16,512,1,12975,15.6,0,1179.0
1,4541,8,256,1,0,14.0,0,239.0
1,38391,16,512,1,12975,15.6,0,999.0
1,28856,16,512,1,0,15.6,0,799.0
1,38391,8,512,1,0,15.6,0,519.01
1,38391,16,512,1,0,15.6,0,789.0
1,46877,16,512,1,19388,15.6,0,1549.0
1,14914,8,256,1,0,15.6,0,539.01
1,14914,8,256,1,0,15.6,0,539.0
1,46877,32,1000,1,19388,17.3,0,2249.0
1,36398,16,512,1,12975,15.6,0,1299.01
1,36398,16,512,1,12975,15.6,0,1139.01
1,46877,16,512,1,0,15.6,0,789.0
1,28856,8,512,1,0,15.6,0,599.01
1,46877,32,1000,1,17158,16.1,0,1699.0
1,38391,8,512,1,0,15.6,0,609.0
1,46877,16,512,1,0,13.3,0,1089.0
1,46877,16,512,1,17158,16.1,0,1399.0
1,46877,16,512,1,0,15.6,0,899.01
1,28856,12,512,1,0,15.6,0,549.0
1,38391,16,512,1,12975,15.6,0,929.0
1,46877,32,1000,1,15128,16.0,0,1899.01
1,36398,16,512,1,0,15.6,0,829.0
1,14914,8,256,1,0,15.6,0,449.0
1,38391,8,256,1,0,14.0,0,699.0
1,36398,16,1000,1,19388,15.6,0,1349.0
1,28856,8,512,1,0,15.6,0,699.0
1,36398,16,512,1,17158,16.1,0,1299.01
1,4541,8,256,1,0,15.6,0,399.0
1,36398,16,512,1,12975,16.1,0,1149.0
1,28856,16,512,1,0,15.6,0,839.0
1,46877,16,512,1,0,15.6,0,809.01
1,38391,8,512,1,0,15.6,0,779.0
1,46877,8,512,1,0,15.6,0,749.0
1,38391,16,512,1,15128,15.6,0,1099.0
1,46877,16,1000,1,0,15.6,0,999.0
1,36398,16,512,1,0,15.6,0,649.01
1,46877,8,512,1,0,15.6,0,859.0
1,46877,32,1000,1,12975,16.0,0,1499.01
1,46877,16,1000,1,19388,15.6,0,1699.0
1,46877,16,512,1,12975,16.1,0,1199.0
1,46877,16,1000,1,0,14.0,0,999.0
1,14914,8,256,1,0,15.6,0,499.0
1,13516,8,256,1,0,15.6,0,499.0
1,38391,16,512,1,6948,14.0,0,999.0
1,46877,16,512,1,0,15.6,0,749.0
1,38391,8,256,1,0,15.6,0,879.0
1,46877,16,1000,1,6948,14.0,0,1489.0
1,46877,16,512,1,0,15.6,0,999.0
1,38391,16,512,1,7858,15.6,0,999.0
1,38391,8,512,1,0,15.6,0,589.0
1,38391,8,256,1,0,14.0,0,959.0
1,38391,16,512,1,7858,15.6,0,1039.0
1,28856,8,512,1,0,15.6,0,599.0
1,46877,8,512,1,0,15.6,0,739.01
1,46877,32,1000,1,19388,16.0,0,2449.0
1,46877,8,512,1,0,15.6,0,839.0
1,13516,8,256,1,0,15.6,0,499.0
1,36398,8,512,1,0,15.6,0,699.0
1,62048,32,1000,1,19388,15.6,0,2399.01
1,28856,8,512,1,0,15.6,0,689.01
1,38391,16,512,1,0,15.6,0,749.0
1,38391,8,512,1,0,15.6,0,599.0
1,46877,16,512,1,0,13.3,0,1199.0
1,38391,16,512,1,6948,15.6,0,949.0
1,38391,16,512,1,0,16.0,0,799.0
1,46877,16,1000,1,22488,15.6,0,3299.99
1,36398,8,256,1,0,15.6,0,478.99
1,38391,8,256,1,0,15.6,0,989.0
1,13516,8,256,1,0,15.6,0,439.99
1,13516,8,256,1,0,15.6,0,529.0
1,46877,8,512,1,0,16.0,0,709.0
1,28856,8,512,1,0,15.6,0,659.0
1,46877,16,512,1,0,15.6,0,749.0
1,36398,8,512,1,0,15.6,0,589.0
1,28856,8,512,1,0,15.6,0,549.0
1,13516,8,256,1,0,15.6,0,459.0
1,46877,8,512,1,0,16.0,0,819.0
1,38391,8,512,1,0,16.0,0,609.01
1,36398,16,512,1,0,14.0,0,999.0
1,38391,16,512,1,0,15.6,0,739.01
1,46877,16,512,1,17158,15.6,0,1399.0
1,38391,16,512,1,0,15.6,0,759.01
1,28856,16,512,1,0,15.6,0,729.0
1,38391,16,512,1,0,15.6,0,749.0
1,14914,8,256,1,0,15.6,0,479.0
1,28856,16,512,1,0,15.6,0,873.29
1,28856,8,512,1,0,15.6,0,589.0
1,36398,16,512,1,12975,15.6,0,1079.01
1,38391,8,512,1,0,15.6,0,649.0
1,36398,16,512,1,12975,15.6,0,999.0
1,38391,16,512,1,0,14.0,0,1018.9999999999999
1,46877,32,1000,1,17158,17.3,0,1499.0
1,38391,8,512,1,0,17.3,0,729.0
1,62048,32,1000,1,19388,16.0,0,2599.0
1,46877,8,512,1,0,15.6,0,699.0
1,46877,16,512,1,17158,15.6,0,1599.0
1,38391,8,256,1,0,15.6,0,739.01
1,38391,16,512,1,0,15.6,0,709.0
1,38391,16,512,1,12975,15.6,0,1059.0
1,38391,16,512,1,0,14.0,0,799.0
1,46877,16,512,1,0,14.0,0,999.0
0,46877,16,512,1,0,15.6,0,899.0
1,46877,32,1000,1,19388,15.6,0,1899.0
1,38391,16,512,1,0,15.6,0,699.0
1,62048,32,1000,1,34870,16.0,0,2599.0
1,38391,8,512,1,0,15.6,0,579.01
1,38391,8,512,1,0,15.6,0,749.0
1,14914,8,256,1,0,15.6,0,549.0
1,28856,16,512,1,12975,15.6,0,979.0
1,28856,16,512,1,0,14.0,0,969.0
1,38391,16,512,1,12975,15.6,0,1099.0
1,38391,16,512,1,17158,15.6,0,1319.01
1,28856,16,512,1,0,14.0,1,799.0
1,28856,16,512,1,7858,15.6,0,879.0
1,46877,32,1000,1,6948,14.0,0,1359.0
1,46877,8,512,1,0,15.6,0,839.0
1,38391,16,512,1,19388,15.6,0,1109.0
1,14914,8,256,1,0,15.6,0,599.0
1,36398,16,512,1,19388,15.6,0,1349.0
1,38391,16,512,1,12975,15.6,0,999.0
1,38391,16,512,1,7858,15.6,0,829.01
1,46877,16,1000,1,17158,15.6,0,1569.01
1,13516,8,512,1,0,15.6,0,479.0
1,28856,16,512,1,7858,15.6,0,779.01
1,28856,4,256,1,0,14.0,0,499.0
1,14914,8,256,1,0,14.0,0,459.0
1,46877,16,1000,1,0,14.0,0,999.0
0,36398,16,1000,1,17158,15.6,0,1899.0
1,38391,16,512,1,0,15.6,0,819.0
1,36398,12,512,1,0,15.6,0,749.0
1,28856,16,1000,1,12975,15.6,0,1199.0
1,14914,8,512,1,0,15.6,0,449.0
1,46877,32,1000,1,19388,16.0,0,1999.0
1,14914,8,256,1,0,15.6,0,529.0
1,46877,32,1000,1,15128,16.0,0,1999.0
1,46877,32,1000,1,19388,17.3,0,1799.0
1,38391,8,512,1,0,16.1,0,499.0
1,13516,8,256,1,0,15.6,0,399.0
1,36398,16,512,1,0,14.0,0,1149.0
1,14914,8,512,1,0,15.6,0,499.0
1,14914,8,256,1,0,15.6,1,699.0
1,38391,16,512,1,0,17.3,0,899.0
1,36398,16,512,1,12975,16.1,0,1099.0
1,46877,16,512,1,0,15.6,0,1049.0
1,36398,8,512,1,0,15.6,0,499.0
1,38391,8,512,1,0,14.0,0,719.01
1,46877,16,1000,1,17158,15.6,0,2799.99
1,14914,8,512,1,0,15.6,0,499.0
1,46877,16,1000,1,17158,16.1,0,1599.0
1,36398,16,512,1,12975,15.6,0,1079.01
1,28856,16,512,1,0,14.0,0,999.0
1,46877,16,512,1,12975,15.6,0,1299.0
1,46877,16,1000,1,19388,15.6,0,1799.0
1,46877,16,512,1,17158,15.6,0,1299.0
1,46877,16,1000,1,0,15.6,0,1169.01
1,38391,8,256,1,0,14.0,1,899.0
1,38391,16,512,1,0,16.0,0,1089.0
1,36398,16,512,1,0,14.0,0,1199.0
1,46877,16,2000,1,22488,16.0,0,2899.0
1,13516,8,256,1,0,15.6,0,499.0
1,46877,16,512,1,17158,15.6,0,1499.0
1,46877,16,1000,1,15128,16.0,0,1899.0
1,36398,16,512,1,15128,15.6,0,1139.01
1,38391,16,512,1,0,15.6,0,799.0
1,62048,32,1000,1,17158,17.3,0,1599.0
1,46877,16,512,1,0,15.6,0,699.0
1,38391,8,256,1,0,14.0,1,1163.02
1,14914,8,512,1,0,15.6,0,499.0
1,38391,8,256,1,0,15.6,0,609.0
1,38391,8,512,1,0,14.0,1,899.0
1,46877,8,512,1,0,14.0,0,999.0
1,46877,16,512,1,0,13.3,0,1549.0
1,46877,8,512,1,0,15.6,0,849.0
1,38391,16,512,1,0,14.0,0,699.0
1,14914,8,256,1,0,15.6,0,345.0
1,46877,16,512,1,15128,15.6,0,1519.01
1,36398,32,1000,1,25376,15.6,0,2299.0
1,46877,16,1000,1,17158,17.3,0,3099.99
1,14914,8,512,1,0,15.6,0,479.0
1,38391,16,512,1,0,15.6,0,629.01
1,28856,16,512,1,0,15.6,0,475.0
1,46877,16,1000,1,19388,15.6,0,1799.0
1,14914,8,256,1,0,15.6,0,449.0
1,36398,16,1000,1,12975,15.6,0,1299.01
1,46877,32,1000,1,19388,15.6,0,1999.0
1,46877,32,1000,1,19388,16.0,1,2729.01
1,38391,16,512,1,12975,15.6,0,859.0
1,46877,16,1000,1,19388,17.3,0,1899.0
1,13516,8,512,1,0,15.6,0,388.0
1,38391,8,256,1,0,15.6,0,499.0
1,28856,8,512,1,12975,15.6,0,944.82
1,46877,16,512,1,0,15.6,0,909.0
1,38391,16,512,1,0,14.0,0,899.01
1,46877,16,1000,1,12975,17.0,0,1999.0
1,38391,16,512,1,12975,15.6,0,1029.01
1,38391,8,512,1,0,15.6,0,509.0
1,28856,8,512,1,0,15.6,0,442.99
1,46877,32,1000,1,15128,16.0,1,2499.0
1,38391,8,256,1,0,15.6,0,849.0
1,38391,8,256,1,0,15.6,0,690.15
1,38391,8,256,1,0,14.0,1,1179.0
1,46877,32,512,1,17158,16.1,0,1499.01
1,36398,32,1000,1,22488,15.6,0,1889.0
1,36398,16,512,1,0,15.6,0,1129.0
1,38391,8,256,1,0,15.6,0,709.0
1,46877,16,512,1,0,15.6,0,889.0
1,36398,16,512,1,0,15.6,0,899.0
1,36398,16,512,1,12975,16.1,0,1399.0
1,62048,32,1000,1,19388,17.0,1,2979.01
1,46877,16,512,1,6948,14.0,0,1729.01
1,14914,8,512,1,0,14.0,0,599.0
1,46877,32,1000,1,19388,16.0,0,2499.0
1,62048,32,1000,1,39041,16.0,0,3699.01
1,38391,8,512,1,0,15.6,0,450.0
1,46877,16,512,1,0,15.6,0,749.0
1,46877,16,512,1,12975,16.0,0,1399.0
1,28856,8,256,1,0,15.6,0,449.0
1,14914,8,512,1,0,14.0,0,449.9
1,14914,8,512,1,0,15.6,0,419.0
0,38391,16,512,1,0,14.0,0,312.83
1,46877,16,1000,1,12975,16.1,0,1299.01
1,36398,16,512,1,0,14.0,0,899.01
1,46877,16,1000,1,15128,16.0,0,1749.0
1,62048,32,1000,1,39041,18.0,0,3699.01
1,46877,16,512,1,0,17.3,0,999.0
1,46877,32,500,1,17158,15.6,0,1549.0
1,36398,16,1000,1,17158,16.1,0,1699.01
1,46877,16,512,1,17158,15.6,0,1699.0
1,13516,8,256,1,0,15.6,0,379.0
1,46877,16,512,1,0,14.0,1,2109.0
1,46877,16,1000,1,12975,16.0,0,1889.0
1,38391,8,256,1,0,15.6,0,789.0
1,46877,32,1000,1,19388,17.3,0,1999.0
1,14914,8,256,1,0,15.6,0,399.0
1,38391,16,512,1,0,15.6,0,669.01
1,13516,8,256,1,0,15.6,0,511.49
1,46877,16,1000,1,19388,15.6,0,1529.0
1,46877,32,1000,1,15128,16.0,1,2379.01
1,38391,16,512,1,0,15.6,0,869.0
1,36398,16,512,1,0,15.6,0,699.0
1,28856,16,512,1,0,16.0,0,579.01
1,38391,16,512,1,15128,15.6,0,1199.0
1,38391,16,512,1,19388,15.6,0,1189.01
1,28856,8,512,1,0,14.0,0,809.45
1,46877,16,1000,1,12975,16.0,0,1599.0
0,38391,16,512,1,0,14.0,0,635.0
1,36398,16,512,1,12975,16.1,0,1149.0
1,63417,32,1000,1,25376,17.3,0,2999.0
1,38391,16,512,1,0,14.0,0,1579.0
1,46877,32,1000,1,15128,16.0,0,1999.0
1,38391,16,512,1,12975,15.6,0,1049.0
1,46877,16,1000,1,15128,15.6,0,2049.0
1,62048,32,1000,1,34870,16.0,0,3599.0
1,36398,16,512,1,0,15.6,0,739.01
1,46877,32,1000,1,15128,16.0,0,1699.0
1,46877,16,512,1,0,15.6,0,759.01
1,36398,32,1000,1,25376,17.3,0,2999.0
1,46877,32,1000,1,0,14.0,0,1589.01
1,63417,32,1000,1,19388,14.0,0,2499.0
1,46877,16,512,1,12975,15.6,0,1199.0
1,62048,32,1000,1,34870,18.0,0,3399.0
1,38391,8,512,1,0,15.6,0,509.0
1,46877,16,512,1,0,14.0,0,1719.0
1,28856,16,256,1,0,15.6,0,625.41
1,14914,8,256,1,0,15.6,0,396.0
1,38391,8,512,1,0,15.6,0,669.01
1,46877,8,512,1,0,15.6,0,729.0
1,38391,8,512,1,0,14.0,1,1149.0
1,28856,16,512,1,0,15.6,0,799.0
1,46877,16,512,1,17158,15.6,0,1779.0
1,46877,16,512,1,0,15.6,0,819.0
1,38391,16,512,1,7858,15.6,0,999.0
1,4541,8,256,1,0,15.6,0,383.26
0,46877,16,512,1,0,14.0,0,1099.0
1,4541,8,256,1,0,15.6,0,306.99
1,46877,32,1000,1,17158,15.6,0,1649.0
1,38391,8,256,1,0,12.4,1,869.0
1,62048,32,1000,1,19388,17.3,0,2099.0
1,36398,16,1000,1,0,15.6,0,1149.04
1,62048,32,1000,1,15128,17.3,0,1889.0
1,46877,16,1000,1,15128,17.3,0,1619.0
1,46877,16,1000,1,22488,17.3,0,3499.99
1,14914,8,256,1,0,15.6,0,394.0
1,46877,32,1000,1,19388,16.0,1,2499.0
1,38391,8,512,1,0,16.0,0,549.99
1,38391,8,512,1,11727,15.6,0,999.0
1,46877,16,1000,1,17158,16.1,0,1699.01
1,38391,8,500,1,0,15.6,0,500.0
1,46877,32,1000,1,19388,16.0,0,2239.01
1,62048,32,2000,1,39041,16.0,0,4949.01
1,46877,16,512,1,12975,16.0,0,1589.01
1,46877,32,1000,1,22488,16.1,0,1999.0
1,46877,16,512,1,0,14.0,0,1189.0
1,62048,64,2000,1,34870,17.3,0,4899.0
1,38391,8,512,1,0,15.6,0,559.01
1,14914,8,256,1,0,15.6,0,417.99
1,46877,16,512,1,6948,17.0,0,1409.01
1,62048,32,2000,1,39041,16.0,0,4299.0
1,28856,16,512,1,12975,15.6,0,879.0
1,46877,16,512,1,17158,14.0,0,1739.0
1,38391,16,1000,1,0,15.6,0,665.0
1,46877,32,1000,1,15128,15.6,0,1699.01
1,46877,16,512,1,17158,17.3,0,1629.0
1,14914,8,256,1,0,15.6,0,283.42
1,28856,8,512,1,17158,15.6,0,1252.5
1,62048,32,1000,1,25376,15.6,0,3499.0
1,38391,16,512,1,0,14.0,1,829.01
1,46877,16,512,1,0,15.6,0,1169.01
1,46877,16,512,1,0,16.0,0,769.0
1,13516,8,512,1,0,15.6,0,399.0
1,36398,16,1000,1,17158,15.6,0,1269.0
0,38391,16,1000,1,17158,15.6,0,881.13
1,36398,16,512,1,12975,16.1,0,1629.0
1,38391,8,512,1,0,15.6,0,924.98
1,46877,16,1000,1,0,14.0,0,1409.01
1,28856,8,256,1,0,16.0,0,829.0
1,46877,16,1000,1,0,14.0,0,1629.0
1,46877,32,1000,1,34870,17.3,0,3599.0
1,63417,32,1000,1,34870,17.3,0,2999.01
1,14914,8,256,1,0,14.0,0,549.0
1,46877,32,512,1,12975,16.0,0,2089.0
1,38391,8,512,1,0,15.6,0,738.55
1,38391,16,512,1,17158,15.6,0,1349.0
1,46877,32,1000,1,22488,15.6,0,2389.0
1,38391,16,512,1,0,17.3,0,889.0
1,46877,32,1000,1,39041,17.3,0,3818.77
1,46877,16,1000,1,22488,15.6,0,1949.01
1,28856,8,512,1,0,15.6,0,338.81
1,46877,16,512,1,0,14.0,1,979.0
1,46877,16,512,1,12975,17.3,0,1539.0
1,28856,8,500,1,0,15.6,0,459.0
1,4541,8,256,1,0,15.6,0,322.49
1,14914,8,256,1,0,15.6,0,413.99
1,46877,16,1000,1,17158,16.0,0,1929.01
1,36398,8,512,1,0,15.6,0,730.97
1,46877,16,1000,1,12975,16.0,0,1699.01
1,46877,16,1000,1,15128,16.0,0,1899.01
1,38391,16,1000,1,15128,15.6,0,1119.01
1,46877,16,1000,1,19388,17.3,0,1629.0
1,62048,32,1000,1,22488,16.1,0,2399.01
1,46877,32,1000,1,17158,17.3,0,1799.0
1,38391,16,512,1,0,15.6,0,729.0
1,62048,32,1000,1,19388,16.0,0,2899.0
1,46877,32,1000,1,19388,16.0,0,2059.76
1,46877,32,1000,1,19388,16.0,0,2459.01
1,46877,32,1000,1,22488,15.6,0,1889.0
1,46877,16,1000,1,19388,16.0,0,2249.0
1,38391,16,512,1,12975,15.6,0,1049.99
1,62048,32,1000,1,34870,16.0,0,3099.0
1,62048,128,2000,1,39041,17.3,0,5999.0
1,46877,16,500,1,0,15.6,0,739.0
1,46877,16,1000,1,17158,16.0,0,1999.0
1,36398,16,1000,1,12975,14.0,0,1473.01
1,62048,32,1000,1,19388,16.0,1,2899.0
1,38391,16,512,1,0,15.6,0,615.97
1,46877,16,1000,1,15128,14.0,0,1969.01
1,46877,16,1000,1,19388,14.0,0,2349.01
1,46877,32,1000,1,17158,15.6,1,2799.0
1,63417,64,2000,1,39041,16.0,0,5159.0
1,46877,16,2000,1,22488,17.3,0,2999.0
1,46877,16,512,1,15128,15.6,0,1299.01
1,46877,16,1000,1,12975,16.0,0,1889.0
0,38391,16,256,1,0,14.0,0,291.69
1,28856,16,512,1,0,15.6,0,689.01
1,28856,8,512,1,0,16.0,0,437.87
1,14914,8,256,1,0,15.6,0,443.01
1,28856,8,512,1,0,15.6,0,819.0
1,46877,16,1000,1,19388,16.0,1,2649.0
1,46877,16,1000,1,15128,14.0,0,1989.01
1,46877,16,1000,1,0,14.0,1,1749.82
1,46877,32,500,1,17158,15.6,0,1699.0
1,36398,16,512,1,0,15.6,0,619.99
1,13516,8,256,1,0,15.6,0,386.05
1,13516,8,512,1,0,15.6,0,416.0
1,28856,8,256,1,0,15.6,0,529.0
1,63417,32,1000,1,19388,14.0,0,2299.0
1,63417,16,1000,1,19388,13.4,1,1999.0
1,46877,32,1000,1,34870,17.0,0,3699.0
1,38391,8,500,1,0,15.6,0,600.0
1,38391,16,512,1,0,15.6,0,609.01
1,38391,8,512,1,0,15.6,0,799.0
1,46877,16,1000,1,19388,14.0,0,2159.0
1,36398,8,512,1,0,15.6,0,683.81
1,46877,32,1000,1,12975,16.0,0,1699.01
1,62048,16,1000,1,15128,13.4,1,2099.0
1,46877,32,1000,1,15128,16.0,1,2099.0
1,28856,8,512,1,0,15.6,0,402.99
1,38391,8,256,1,0,15.6,0,461.32
0,38391,16,256,1,0,14.0,0,574.0
1,62048,32,2000,1,34870,16.0,0,3499.01
1,14914,8,512,1,0,15.6,0,372.0
1,62048,32,2000,1,39041,16.0,0,4999.01
1,36398,32,1000,1,22488,15.6,0,2079.01
1,46877,16,512,1,0,15.6,0,997.79
1,38391,16,512,1,0,14.0,0,1149.0
1,4541,8,256,1,0,15.6,0,229.0
1,14914,8,256,1,0,15.6,0,552.33
1,38391,8,256,1,0,15.6,0,1174.99
1,28856,8,256,1,7858,15.6,0,834.11
1,13516,8,256,1,0,15.6,0,529.0
1,36398,8,256,1,0,15.0,1,1449.0
1,62048,16,1000,1,19388,16.0,0,3099.0
1,28856,8,500,1,0,15.6,0,559.0
1,38391,8,256,1,0,15.6,0,440.0
1,14914,8,512,1,0,15.6,0,398.1
0,63417,32,1000,1,19388,17.3,0,2099.0
1,38391,8,256,1,0,15.6,0,454.33
1,38391,8,512,1,0,15.6,0,494.81
1,28856,8,256,1,0,15.6,0,399.0
1,38391,16,512,1,7858,15.6,0,719.01
1,46877,16,512,1,0,15.6,0,824.0
1,14914,8,256,1,0,15.6,0,495.99
1,46877,16,1000,1,7858,15.6,0,1219.0
1,46877,16,512,1,0,15.6,0,1395.0
1,38391,16,512,1,0,15.6,0,695.0
1,62048,64,2000,1,19388,16.0,1,3061.31
1,14914,8,512,1,0,15.6,0,453.0
1,46877,8,256,1,0,15.6,0,699.0
1,14914,8,256,1,0,15.6,0,393.59
1,38391,16,512,1,0,13.4,0,2063.26
1,46877,32,1000,1,34870,17.3,0,2999.01
1,46877,16,512,1,7858,16.0,0,1799.0
1,38391,8,512,1,0,15.6,0,579.9
1,46877,16,1000,1,17158,17.3,0,1799.0
1,46877,16,256,1,0,16.0,0,1139.01
1,63417,16,1000,1,25376,15.6,0,2399.01
1,38391,8,256,1,0,15.0,0,1599.0
1,38391,8,512,1,0,16.0,0,1274.37
1,36398,16,1000,1,17158,15.6,0,1553.68
1,46877,16,1000,1,10203,16.0,0,1980.2
1,46877,16,1000,1,10203,16.0,0,1772.43
1,46877,16,1000,1,19388,17.3,0,1999.0
1,38391,8,256,1,0,14.0,1,839.0
1,38391,16,512,1,0,14.0,0,650.13
1,38391,16,256,1,0,14.4,1,1699.01
1,46877,16,512,1,0,15.6,0,800.0
0,38391,8,256,1,0,15.6,0,675.0
1,46877,16,1000,1,12975,16.0,0,1499.0
1,13516,8,256,1,0,15.6,0,431.99
1,36398,16,512,1,0,15.6,0,899.99
1,4541,8,256,1,0,15.6,0,329.99
1,46877,16,1000,1,0,15.6,0,1312.0
1,46877,8,512,1,12975,16.1,0,1329.51
1,38391,8,512,1,0,15.6,0,599.0
1,38391,8,256,1,0,,0,524.99
1,46877,16,1000,1,0,14.0,0,1149.0
0,38391,8,256,1,0,12.3,1,1349.0
1,46877,16,512,1,0,15.6,0,786.14
1,36398,16,1000,1,12975,15.6,0,1501.55
1,36398,16,512,1,19388,15.6,0,1499.96
0,38391,16,256,1,0,14.0,0,575.0
1,28856,8,512,1,0,14.0,0,979.0
0,38391,8,256,1,0,14.0,0,210.14
1,38391,8,512,1,0,15.6,0,509.0
1,14914,8,256,1,0,15.6,0,679.0
1,38391,8,512,1,19388,15.6,0,1086.85
1,62048,32,2000,1,39041,17.0,0,3799.0
1,46877,32,1000,1,12975,16.0,0,1929.01
0,36398,16,512,1,22488,15.6,0,1180.29
1,38391,8,256,1,0,14.0,0,540.0
1,46877,32,1000,1,17158,17.3,0,1699.01
1,14914,8,256,1,0,14.0,0,429.9
1,14914,8,256,1,0,15.6,0,385.2
1,38391,8,256,1,0,15.6,0,725.0
1,38391,8,512,1,0,15.6,0,589.0
1,46877,16,512,1,0,15.6,0,884.99
1,14914,8,256,1,0,15.6,0,430.99
0,46877,16,512,1,0,14.0,0,588.0
1,46877,16,512,1,0,13.3,0,1805.01
0,38391,8,256,1,0,14.0,0,399.0
1,38391,8,256,1,0,15.6,0,899.01
1,28856,16,512,1,0,14.0,0,856.0
1,14914,8,512,1,0,14.0,0,529.0
0,38391,8,256,1,0,15.6,0,899.01
1,38391,8,512,1,0,15.6,0,505.01
1,28856,16,500,1,0,15.6,0,499.0
1,14914,8,256,1,0,15.6,0,355.0
1,36398,16,512,1,0,14.0,0,1199.0
1,46877,16,512,1,0,15.6,0,969.0
1,46877,16,512,1,7858,15.6,0,2039.0000000000002
1,46877,16,512,1,0,15.6,0,860.0
1,38391,16,256,1,0,14.0,0,869.0
0,46877,32,1000,1,22488,17.3,0,1417.19
0,28856,8,512,1,0,14.0,0,659.44
0,36398,16,512,1,0,13.3,0,663.69
1,46877,16,512,1,0,15.6,0,1637.0
1,46877,16,512,1,0,14.0,0,800.0
1,46877,16,512,1,12975,15.6,0,1481.63
1,38391,8,256,1,0,15.6,0,879.0
1,28856,8,512,1,0,16.0,0,969.0
1,46877,16,1000,1,12975,15.6,0,1199.0
1,62048,32,1000,1,34870,17.0,0,3199.01
1,46877,16,1000,1,22488,17.3,0,3500.0
1,63417,32,1000,1,39041,14.0,0,4599.0
1,38391,16,512,1,0,14.4,1,1899.0
1,46877,32,1000,1,25376,15.6,0,4099.0
1,62048,32,1000,1,22488,17.3,0,4499.99
1,62048,16,1000,1,22488,17.3,0,3899.99
0,38391,16,256,1,0,14.0,0,499.0
0,63417,16,1000,1,22488,14.0,0,2899.99
1,14914,8,256,1,0,13.3,1,699.0
1,46877,16,512,1,0,15.6,0,755.0
1,38391,8,1000,1,0,15.6,0,789.0
1,38391,8,512,1,0,15.6,0,569.99
1,46877,16,512,1,0,14.0,0,789.0
1,46877,16,512,1,12975,15.6,0,909.99
1,4541,4,256,1,0,14.0,0,329.95
1,46877,8,512,1,0,15.6,0,730.01
1,62048,16,1000,1,0,13.4,1,2420.65
1,46877,16,512,1,0,13.3,0,1333.57
1,38391,8,1000,1,0,15.6,0,749.0
1,38391,8,512,1,0,15.6,0,739.0
1,38391,16,512,1,0,15.6,0,1041.0
0,38391,8,256,1,0,14.0,0,799.0
1,38391,8,256,1,0,15.6,0,454.23
1,38391,8,256,1,0,12.3,1,1143.16
1,38391,8,512,1,0,15.6,0,502.0
1,14914,8,256,1,0,15.6,0,416.87
1,28856,8,512,1,0,15.6,0,379.01
1,46877,16,512,1,12975,14.4,1,2199.01
1,46877,32,1000,1,22488,17.3,0,2599.0
1,46877,8,512,1,0,15.6,0,1249.01
1,38391,8,512,1,0,14.0,0,799.0
1,38391,8,512,1,0,15.6,0,399.0
1,38391,16,500,1,0,15.6,0,539.01
1,46877,16,512,1,0,15.6,0,1199.0
1,38391,8,512,1,0,15.6,0,609.01
1,14914,8,512,1,0,15.6,0,449.9
1,38391,8,256,1,0,15.6,0,529.0
1,13516,8,512,1,0,15.6,0,495.33
1,38391,16,512,1,0,15.6,0,880.53
1,38391,16,512,1,0,15.6,0,670.67
1,38391,16,500,1,12975,15.6,0,1329.9
1,38391,16,500,1,15128,15.6,0,1349.9
1,38391,16,500,1,15128,15.6,0,1479.9
1,38391,16,500,1,19388,15.6,0,1679.9
1,46877,16,500,1,19388,15.6,0,1699.9
1,38391,16,500,1,0,15.6,0,639.0
1,38391,8,256,1,0,15.6,0,719.0
1,46877,8,512,1,0,15.6,0,628.04
1,36398,32,1000,1,0,15.6,0,999.0
1,46877,16,512,1,0,17.0,0,1859.01
1,46877,16,500,1,19388,15.6,0,1849.9
1,14914,8,256,1,0,14.0,0,429.0
1,62048,32,1000,1,39041,16.0,0,4199.0
1,14914,8,512,1,0,15.6,0,465.0
1,38391,16,500,1,19388,15.6,0,1549.9
1,4541,8,256,1,0,15.6,0,359.01
1,38391,8,512,1,0,14.0,0,743.0
1,4541,8,256,1,0,15.6,0,323.45
1,46877,32,1000,1,7858,15.6,0,1999.0
1,46877,16,1000,1,12975,15.6,0,1449.9
1,46877,8,512,1,0,15.6,0,849.0
1,62048,64,1000,1,25376,17.3,0,4299.01
0,46877,16,512,1,0,13.3,0,867.53
1,28856,8,256,1,0,13.5,1,1129.0
1,36398,8,512,1,0,15.6,0,809.01
1,46877,16,512,1,0,13.4,1,2139.73
1,46877,16,512,1,0,15.6,0,1057.0
1,28856,8,256,1,0,13.3,0,1069.0
1,36398,8,512,1,0,15.0,1,1649.0
1,46877,32,2000,1,12975,14.4,1,3199.0
1,46877,32,1000,1,25376,16.0,0,2739.0
1,46877,16,512,1,0,16.0,0,1627.0
1,46877,16,512,1,0,14.0,0,1515.0
1,46877,16,1000,1,12975,15.6,0,1599.9
1,38391,8,512,1,0,15.6,0,809.01
1,38391,8,1000,1,0,15.6,0,583.85
1,63417,16,1000,1,25376,14.0,0,4105.45
1,36398,16,512,1,0,14.0,0,1056.0
1,13516,8,1000,1,0,15.6,0,471.0
0,14914,8,256,1,0,13.3,0,419.0
1,46877,16,1000,1,19388,15.6,0,1949.9
1,38391,16,512,1,0,14.0,0,800.0
1,36398,16,1000,1,0,14.0,0,1377.62
1,46877,16,1000,1,0,14.0,0,1214.49
1,38391,16,512,1,0,14.0,0,925.0
1,46877,16,1000,1,12975,15.6,0,2319.0
1,38391,8,500,1,0,14.0,0,590.0
1,46877,32,512,1,6948,17.0,0,2209.0
0,38391,8,256,1,0,14.0,0,635.0
1,38391,8,512,1,0,15.6,0,770.56
0,38391,8,256,1,0,14.0,0,448.99
1,46877,16,512,1,0,15.6,0,1196.97
1,38391,8,512,1,0,15.6,0,595.9
1,38391,16,512,1,0,15.6,0,850.99
0,38391,8,256,1,0,14.0,0,239.0
1,14914,8,512,1,0,15.6,0,398.22
1,63417,16,1000,1,17158,16.0,1,2773.31
0,46877,32,1000,1,25376,15.6,0,3499.0
0,38391,16,500,1,0,14.0,0,530.0
1,62048,16,1000,1,19388,16.0,1,2599.01
1,28856,16,512,1,0,14.0,0,1157.12
1,46877,32,1000,1,17829,16.0,1,4399.0
1,13516,8,256,1,0,15.6,0,359.9
1,46877,32,1000,1,19388,15.6,0,2184.41
1,4541,8,256,1,0,15.6,0,285.0
0,38391,8,256,1,0,12.5,0,358.99
1,14914,8,256,1,0,15.6,0,391.6
1,46877,8,256,1,0,14.0,0,765.75
1,46877,8,512,1,0,15.6,0,635.01
1,46877,16,512,1,0,14.0,0,1433.0
0,38391,16,256,1,0,12.3,0,1111.35
0,38391,8,256,1,0,14.0,0,635.0
1,46877,16,512,1,0,15.6,0,883.19
0,38391,8,256,1,0,13.3,1,555.0
1,46877,16,512,1,0,14.0,1,1473.83
1,38391,8,256,1,0,15.6,0,727.49
1,46877,16,512,1,0,14.0,0,1064.0
0,46877,16,1000,1,0,16.0,1,1999.0
1,38391,12,512,1,0,16.0,0,832.01
0,46877,16,1000,1,17158,15.6,0,1599.0
1,38391,16,512,1,0,15.6,0,800.0
1,38391,8,512,1,0,13.3,0,819.0
1,46877,16,512,1,0,17.3,0,1453.6
1,38391,8,512,1,0,15.6,0,552.99
1,14914,8,512,1,0,15.6,0,549.0
0,38391,8,512,1,0,14.0,0,518.63
1,4541,8,256,1,0,15.6,0,465.26
1,38391,16,512,1,0,15.6,0,799.0
1,38391,16,512,1,12975,15.6,0,769.0
0,46877,16,1000,1,0,14.0,0,818.0
1,46877,32,1000,1,15128,16.0,0,2102.18
1,46877,32,1000,1,19388,15.6,0,1899.9
1,13516,8,256,1,0,15.6,0,327.51
1,36398,32,1000,1,22488,17.3,0,2649.44
1,38391,16,512,1,0,14.0,0,846.31
1,14914,8,512,1,0,15.6,0,414.84
1,14914,8,256,1,0,15.6,0,399.37
1,38391,16,512,1,0,15.6,0,1069.0
1,36398,12,512,1,0,15.6,0,613.2
1,46877,8,512,1,0,16.0,0,599.99
0,46877,16,1000,1,0,15.6,0,1199.0
1,46877,16,512,1,0,15.6,0,695.5
1,28856,12,512,1,0,15.6,0,707.51
0,46877,16,1000,1,12975,16.0,0,1749.0
1,38391,8,256,1,0,14.0,0,764.34
1,46877,16,512,1,0,14.0,0,999.0
1,36398,12,512,1,0,15.6,0,641.0
1,28856,8,256,1,0,15.6,0,563.62
1,46877,32,1000,1,0,13.4,1,1899.0
1,38391,16,500,1,12975,15.6,0,1199.9
1,46877,32,1000,1,17158,15.6,0,1800.01
1,28856,8,512,1,0,15.6,0,479.61
1,38391,16,512,1,0,15.6,0,1074.0
1,38391,16,512,1,0,15.6,0,869.0
1,38391,16,512,1,0,14.0,0,1282.0
1,46877,8,512,1,0,15.6,0,630.72
1,28856,8,512,1,0,15.6,0,720.25
1,38391,8,512,1,0,15.6,0,549.0
0,38391,16,512,1,0,13.3,0,1498.0
1,36398,16,512,1,0,16.0,0,1299.0
1,38391,8,512,1,0,15.6,0,568.82
1,14914,8,256,1,0,15.6,0,556.59
1,38391,8,512,1,0,14.0,0,844.0
0,63417,32,1000,1,39041,17.3,0,3258.19
1,38391,16,512,1,0,15.6,0,1069.0
1,36398,8,512,1,0,15.6,0,565.01
1,36398,16,512,1,22488,16.1,0,1580.62
1,38391,8,256,1,0,13.3,1,779.01
0,46877,16,1000,1,0,15.6,0,1049.0
1,28856,16,512,1,12975,15.6,0,1559.0
1,46877,16,1000,1,22488,15.6,0,2099.0
1,46877,16,1000,1,22488,15.6,0,2800.0
1,62048,16,1000,1,22488,15.6,0,3699.0
1,46877,32,1000,1,25376,17.3,0,4299.99
1,38391,8,256,1,0,15.6,0,849.01
1,46877,32,1000,1,25376,15.6,1,3691.0
0,38391,8,256,1,0,15.6,0,679.95
1,46877,32,512,1,10203,16.0,0,2866.16
0,46877,16,512,1,0,15.6,0,973.89
1,62048,32,1000,1,34870,16.0,0,4199.91
1,4541,8,512,1,0,15.6,0,392.0
1,46877,16,512,1,0,14.0,0,1599.0
1,14914,8,256,1,0,15.6,0,445.99
1,46877,32,1000,1,12975,17.3,0,1549.01
1,14914,8,256,1,0,15.6,0,831.12
1,38391,8,256,1,0,14.0,0,869.14
1,14914,8,512,1,0,15.6,0,773.6
1,38391,16,512,1,12975,15.6,0,875.06
1,46877,32,1000,1,17158,15.6,0,2217.07
1,46877,16,512,1,0,16.0,0,1092.52
1,14914,8,512,1,0,15.6,0,550.6
1,38391,8,256,1,0,15.6,0,494.81
1,38391,8,256,1,0,14.0,0,750.73
1,28856,16,512,1,12975,16.1,0,1120.0
1,38391,16,256,1,0,15.6,0,969.0
0,38391,8,512,1,0,13.3,0,895.0
1,62048,64,2000,1,39041,17.0,0,5199.0
1,36398,8,256,1,0,15.6,0,628.99
1,38391,8,256,1,0,15.6,0,474.86
0,38391,16,512,1,0,13.3,1,678.39
1,38391,8,256,1,0,14.0,0,697.36
0,38391,8,512,1,0,14.0,1,799.0
1,4541,4,256,1,0,14.0,1,398.01
1,13516,8,256,1,0,15.6,0,556.22
1,46877,32,1000,1,14653,17.3,0,3496.86
1,46877,16,1000,1,15128,17.3,0,1496.56
1,38391,16,500,1,0,14.0,0,645.99
0,46877,16,1000,1,17158,15.6,0,1649.0
1,14914,8,256,1,0,15.6,0,650.36
1,38391,16,512,1,0,13.3,0,1310.61
1,46877,16,512,1,0,15.6,0,950.53
0,46877,32,1000,1,22488,16.0,0,2599.0
1,4541,8,256,1,0,15.6,0,357.64
1,14914,8,256,1,0,15.6,0,634.05
1,46877,32,1000,1,0,16.0,0,1735.35
1,38391,16,500,1,0,14.0,0,629.01
0,46877,8,256,1,0,14.0,0,711.95
1,36398,16,512,1,0,14.0,0,1058.0
1,46877,16,1000,1,15128,17.3,0,1496.56
1,46877,32,1000,1,12975,14.4,1,2799.0
1,13516,8,512,1,0,15.6,0,470.44
1,62048,32,1000,1,34870,16.0,0,4580.73
1,14914,8,256,1,0,14.0,0,484.5
1,46877,8,512,1,0,15.6,0,625.0
1,28856,16,512,1,0,14.0,0,812.61
1,46877,32,1000,1,14653,16.0,0,2846.0
1,46877,16,1000,1,22488,15.6,0,1849.0
1,38391,16,512,1,0,13.3,0,1071.49
0,38391,8,512,1,0,14.0,0,699.0
1,38391,8,256,1,0,16.0,0,469.9
1,62048,16,512,1,17158,17.3,0,1495.69
1,4541,8,256,1,0,14.0,0,339.0
0,36398,16,1000,1,22488,15.6,0,1600.0
1,38391,16,512,1,0,15.6,0,687.64
1,28856,8,256,1,0,13.3,0,799.0
1,38391,16,512,1,0,14.0,1,1199.0
0,38391,8,256,1,0,15.6,0,999.0
1,13516,8,256,1,0,15.6,0,391.41
1,28856,8,512,1,0,15.6,0,498.0
1,38391,8,256,1,0,15.6,0,855.39
1,46877,16,512,1,17158,15.6,0,1830.0
1,38391,8,256,1,0,14.0,0,1028.0
1,36398,16,512,1,0,14.0,1,1438.0
0,38391,8,256,1,0,13.3,0,759.2
1,14914,8,256,1,0,14.0,0,511.13
1,38391,8,512,1,0,16.0,0,500.0
1,28856,8,256,1,0,15.6,0,439.0
0,28856,8,256,1,0,15.6,0,529.99
1,38391,8,512,1,0,15.6,0,810.2
0,38391,8,256,1,0,13.3,0,1008.37
1,38391,8,1000,1,0,15.6,0,715.0
1,28856,8,512,1,0,14.0,0,755.48
1,38391,8,256,1,0,14.0,0,1143.53
1,38391,12,512,1,0,15.6,0,824.78
1,36398,16,1000,1,19388,15.6,0,1335.01
0,46877,16,512,1,0,15.6,0,932.15
1,13516,8,256,1,0,15.6,0,529.0
1,38391,16,512,1,0,13.3,0,1375.3
1,36398,16,512,1,0,17.3,0,1136.94
1,46877,16,512,1,0,14.0,0,1871.6
1,28856,8,256,1,0,15.6,0,399.99
1,13516,8,256,1,0,15.6,0,599.41
1,28856,16,512,1,0,15.6,0,595.01
1,46877,8,512,1,0,15.6,0,709.0
0,63417,32,1000,1,22488,16.0,1,3299.0
0,38391,16,512,1,0,13.3,0,1302.54
1,46877,32,1000,1,19388,16.0,0,2199.01
1,38391,16,512,1,0,14.0,0,811.68
1,38391,8,256,1,0,15.6,0,639.0
1,46877,16,512,1,0,13.3,0,1266.49
1,28856,8,512,1,0,15.6,0,536.48
1,38391,8,512,1,0,15.6,0,552.0
1,46877,16,1000,1,19388,15.6,0,1799.9
1,28856,16,512,1,0,15.6,0,671.01
0,38391,8,256,1,0,12.3,0,866.0
1,38391,8,256,1,0,15.6,0,494.35
1,46877,16,1000,1,12975,16.0,0,1912.01
1,38391,16,512,1,0,17.3,0,862.19
0,38391,8,512,1,0,13.0,0,856.08
1,28856,8,256,1,0,15.6,0,478.26
1,13516,8,512,1,0,15.6,0,405.39
1,46877,8,512,1,0,15.6,0,734.64
1,28856,8,512,1,0,15.6,0,507.53
1,46877,16,512,1,0,13.3,0,1288.19
0,38391,16,512,1,12975,15.6,0,1099.0
1,46877,8,512,1,0,15.6,0,903.3
0,38391,8,256,1,0,13.3,0,655.76
0,38391,16,512,1,0,13.3,0,884.99
0,38391,8,256,1,0,13.3,0,413.0
1,46877,16,512,1,0,15.6,0,1334.21
1,46877,16,512,1,0,16.0,0,1233.38
1,38391,16,512,1,0,17.3,0,999.62
1,63417,16,1000,1,19388,17.3,0,2203.07
0,63417,16,1000,1,0,15.6,0,1248.59
0,38391,8,256,1,0,13.3,0,759.2
0,38391,8,512,1,0,17.3,0,713.28
1,38391,8,512,1,0,15.6,0,530.19
1,28856,8,512,1,7858,16.1,0,845.48
1,46877,16,1000,1,19388,17.3,0,1927.84
1,14914,8,256,1,0,14.0,0,471.63
1,38391,8,256,1,0,14.0,0,1032.38
1,28856,16,512,1,0,14.0,0,749.0
1,28856,8,512,1,0,15.6,0,439.0
1,46877,16,512,1,0,15.6,0,930.24
0,46877,32,1000,1,22488,15.6,0,1899.0
1,38391,8,512,1,0,15.6,0,693.0
1,46877,16,512,1,17158,15.6,0,1095.0
1,38391,8,512,1,0,14.0,0,769.58
1,38391,8,256,1,0,15.6,0,531.8
1,38391,8,256,1,0,15.6,0,529.9
1,28856,8,512,1,0,14.0,0,757.0
1,38391,16,512,1,0,14.0,0,1069.0
1,62048,32,2000,1,34870,17.0,0,7150.47
0,38391,8,256,1,0,13.3,1,620.0
1,38391,16,512,1,19388,15.6,0,1498.33
0,38391,16,512,1,12975,15.6,0,949.0
1,38391,8,256,1,0,13.3,0,912.0
1,38391,16,512,1,0,16.0,0,961.6
0,36398,16,512,1,0,14.0,0,849.0
0,46877,16,512,1,0,14.0,0,799.0
1,46877,16,512,1,0,17.3,0,912.0
1,46877,16,512,1,0,15.6,0,959.93
1,46877,16,512,1,0,14.0,1,1267.58
0,38391,8,512,1,0,15.6,0,699.0
0,46877,16,512,1,0,15.6,0,586.54
1,38391,8,256,1,0,15.6,0,709.65
0,14914,8,512,1,0,15.6,0,340.24
0,63417,16,1000,1,11727,14.0,0,1277.64
0,38391,8,512,1,0,15.6,0,959.0
0,46877,32,1000,1,22488,17.0,1,3099.0
0,62048,32,1000,1,17158,17.3,0,1999.0
0,62048,16,1000,1,12975,13.4,1,1899.0
0,36398,16,1000,1,17158,15.6,0,1299.0
1,36398,16,512,1,19388,15.6,0,1409.0
0,28856,16,512,1,0,14.0,0,608.64
0,46877,16,512,1,12975,15.6,0,1299.0
0,46877,16,1000,1,17158,17.3,0,1498.14
0,46877,16,1000,1,17158,16.0,0,1106.09
0,38391,8,256,1,0,13.3,0,765.33
0,38391,8,256,1,0,13.0,0,815.75
0,46877,16,256,1,0,15.4,0,1118.25
0,46877,16,1000,1,17158,15.6,0,905.84
0,46877,16,512,1,0,13.3,1,1299.0
0,38391,8,512,1,0,15.6,0,566.58
0,38391,16,512,1,0,13.3,0,1329.2
0,46877,16,1000,1,17158,16.1,0,1447.64
0,46877,16,512,1,0,13.3,0,1420.98
0,38391,8,256,1,0,14.0,0,1339.45
0,46877,32,1000,1,17829,17.0,1,4499.0
0,46877,16,1000,1,22488,17.3,0,1599.0
0,46877,16,512,1,0,15.6,0,807.78
0,46877,16,1000,1,7858,14.0,0,1649.0
0,46877,16,512,1,12975,14.0,0,1399.0
0,62048,32,1000,1,22488,15.6,0,3299.0
0,46877,32,1000,1,17158,15.6,0,1322.09
0,62048,32,1000,1,25376,15.6,0,4399.99
0,46877,32,1000,1,25376,15.6,0,4099.99
1,38391,16,512,1,0,15.6,0,720.92
1,38391,16,512,1,0,15.6,0,810.81
1,46877,32,1000,1,0,12.3,1,2014.58
0,38391,16,512,1,0,15.6,0,729.0
0,38391,8,512,1,0,14.0,0,579.0
0,36398,16,1000,1,0,14.0,0,2199.0
0,36398,16,1000,1,17158,15.6,0,2199.0
0,46877,16,512,1,0,15.6,0,899.0
0,38391,8,512,1,0,15.6,0,477.6
0,46877,16,1000,1,25376,15.6,0,1999.0
0,46877,16,512,1,0,14.0,0,849.0
0,38391,8,256,1,0,15.6,0,1125.75
0,38391,8,256,1,0,14.0,0,699.0
0,46877,16,512,1,0,15.6,0,799.0
0,46877,16,1000,1,22488,17.3,0,2399.0
0,38391,16,512,1,0,14.0,0,799.0
1,28856,8,512,1,0,15.6,0,660.99
1,38391,8,512,1,0,15.6,0,760.99
0,46877,16,512,1,0,14.0,0,1255.73
0,46877,16,512,1,0,15.6,0,1654.05
0,38391,8,256,1,0,14.0,1,1395.03
0,38391,8,256,1,0,13.3,0,490.0
0,38391,8,256,1,0,14.0,0,550.01
0,38391,16,512,1,0,14.0,0,1901.48
0,38391,8,512,1,0,14.0,1,877.63
0,46877,16,512,1,0,14.0,0,794.99
1,4541,8,256,1,0,15.6,0,411.0
0,46877,16,1000,1,12975,17.3,0,1599.0
0,46877,16,512,1,12975,15.6,0,1399.0
0,46877,32,1000,1,12975,16.0,0,1375.14
0,46877,32,1000,1,25376,15.6,0,3799.0
1,38391,8,512,1,11727,15.6,0,1029.0
0,46877,16,1000,1,22488,15.6,0,3299.99
1,62048,64,2000,1,39041,16.0,0,5758.14
1,36398,16,1000,1,0,14.0,0,1730.15
1,28856,12,256,1,0,15.6,0,655.34
1,46877,16,1000,1,17158,16.1,0,1887.39
1,38391,8,512,1,12975,16.1,0,1438.68
1,46877,16,512,1,0,15.6,0,1078.0
1,38391,8,256,1,0,14.0,0,777.0
1,46877,8,256,1,0,14.0,0,918.0
1,4541,8,256,1,0,15.6,0,364.16
1,38391,8,512,1,0,15.6,0,901.99
1,14914,8,256,1,0,15.6,0,545.0
1,38391,16,512,1,0,14.0,0,1259.0
1,38391,16,512,1,0,16.0,0,1238.0
1,46877,16,512,1,13813,16.0,1,2499.0
1,46877,16,512,1,0,14.0,1,2409.49
1,38391,16,512,1,0,14.0,1,1703.0
1,46877,16,512,1,0,14.0,1,1902.0
1,46877,16,512,1,0,15.6,0,937.54
1,46877,16,1000,1,0,14.0,0,1759.0
1,38391,8,512,1,0,15.6,0,544.58
1,38391,16,512,1,0,15.6,0,729.78
1,14914,8,256,1,0,15.6,0,460.63
1,14914,8,256,1,0,14.0,0,457.07
1,38391,8,512,1,0,15.6,0,613.91
1,14914,8,256,1,0,15.6,0,570.43
1,14914,8,256,1,0,15.6,0,424.96
1,46877,8,512,1,0,15.6,0,942.08
1,13516,8,256,1,0,15.6,0,595.72
1,14914,8,256,1,0,15.6,0,609.15
1,46877,8,512,1,0,15.6,0,840.24
1,46877,8,512,1,0,15.6,0,853.63
1,63417,32,1000,1,12975,13.4,1,3943.37
1,36398,16,1000,1,12975,13.4,1,2086.72
1,63417,32,1000,1,12975,13.4,1,3834.15
1,36398,16,512,1,12975,15.6,0,1036.46
1,36398,16,512,1,17158,15.6,0,1411.19
1,36398,16,512,1,12975,15.6,0,909.99
1,63417,32,1000,1,22488,15.6,0,2535.45
1,36398,16,1000,1,17158,17.3,0,1455.4
1,36398,16,512,1,15128,15.6,0,1175.01
1,36398,8,512,1,17158,15.6,0,1122.26
1,36398,16,512,1,6948,15.6,0,1106.48
1,38391,16,512,1,6948,15.6,0,809.9
1,46877,16,512,1,15128,15.6,0,1265.01
1,38391,8,512,1,6948,15.6,0,946.7
1,14914,8,256,1,0,15.6,0,389.0
1,38391,16,512,1,0,15.6,0,804.7
1,38391,8,512,1,0,15.6,0,648.97
1,38391,16,512,1,0,16.0,0,698.44
1,38391,8,512,1,0,15.6,0,666.37
1,46877,8,512,1,0,15.6,0,568.19
1,28856,16,512,1,12975,15.6,0,1016.0
1,46877,16,512,1,12975,16.0,0,1745.11
1,38391,16,512,1,0,15.6,0,1212.25
1,36398,16,512,1,0,15.6,0,1035.84
1,28856,16,512,1,0,14.0,0,955.0
1,38391,16,512,1,0,14.0,0,959.91
1,28856,16,512,1,0,14.0,0,868.74
1,36398,16,512,1,0,14.0,0,1078.65
1,46877,16,512,1,0,13.3,1,1238.18
1,46877,8,512,1,0,15.6,0,706.2
1,14914,8,512,1,0,17.3,0,707.69
1,28856,8,512,1,0,15.6,0,854.93
1,38391,8,256,1,0,15.6,0,698.0
1,38391,8,256,1,0,14.0,1,999.0
1,38391,8,512,1,0,15.6,0,1121.0
1,38391,8,512,1,7858,15.6,0,1349.0
1,46877,16,512,1,12975,14.0,1,2461.21
1,38391,8,512,1,0,15.6,0,3442.0
1,13516,8,256,1,0,15.6,0,371.0
1,28856,8,512,1,0,15.6,0,491.13
1,28856,8,256,1,0,15.6,0,473.0
1,13516,8,256,1,0,15.6,0,479.0
1,14914,8,256,1,0,15.6,0,616.33
1,38391,8,512,1,0,15.6,0,666.44
1,14914,8,256,1,0,15.6,0,481.6
1,38391,8,512,1,0,15.6,0,541.55
1,38391,8,512,1,0,14.0,0,803.61
1,38391,16,512,1,0,14.0,0,709.81
1,38391,8,512,1,0,15.6,0,789.84
1,46877,8,512,1,0,14.0,0,714.29
1,38391,8,256,1,0,15.6,0,691.97
1,14914,8,256,1,0,15.6,0,547.19
0,63417,32,1000,1,25376,17.3,0,2052.74
1,36398,16,512,1,22488,15.6,0,1454.12
1,14914,8,256,1,0,15.6,0,499.0
1,38391,8,256,1,0,14.0,0,686.45
1,36398,16,512,1,0,15.6,0,1422.0
1,46877,32,1000,1,14653,15.6,1,2595.0
1,46877,32,1000,1,12975,15.6,0,1409.0
1,46877,32,1000,1,12975,15.6,0,1334.0
1,46877,32,2000,1,12975,15.6,0,1525.0
1,46877,64,1000,1,12975,15.6,0,1497.0
1,46877,64,2000,1,12975,15.6,0,1615.0
1,46877,32,1000,1,12975,17.3,0,1475.0
1,46877,64,1000,1,12975,17.3,0,1639.01
1,46877,8,512,1,0,13.3,0,1259.59
1,38391,8,256,1,0,13.3,0,1044.74
1,46877,8,256,1,0,14.0,0,1177.9
1,38391,16,512,1,0,14.0,0,1237.85
1,38391,16,512,1,0,14.0,0,1091.0
1,38391,8,256,1,0,15.6,0,915.78
1,46877,16,512,1,0,15.6,0,1383.44
1,38391,8,256,1,0,13.3,0,1231.71
1,38391,8,256,1,0,13.3,0,1006.9999999999999
1,38391,8,256,1,0,15.6,0,2450.71
1,38391,8,256,1,0,15.6,0,1040.55
1,38391,8,256,1,0,15.6,0,1307.01
1,38391,16,512,1,0,14.0,0,1463.4
1,46877,16,512,1,0,14.0,0,1637.09
1,46877,16,512,1,0,15.6,0,2033.25
1,38391,16,512,1,0,15.6,0,1365.1
1,38391,16,512,1,0,15.6,0,1675.2
1,46877,16,512,1,0,15.6,0,1715.18
1,38391,8,256,1,0,15.6,0,1190.0
1,46877,16,512,1,10203,14.0,0,3469.0
1,46877,16,512,1,13813,17.0,1,3936.0
1,38391,8,512,1,0,14.0,0,926.63
1,38391,8,256,1,0,14.0,0,717.0
1,14914,8,256,1,0,15.6,0,930.16
1,14914,4,256,1,0,15.6,0,600.68
1,14914,8,256,1,0,15.6,0,688.88
1,38391,8,256,1,0,15.6,0,1289.17
1,38391,8,256,1,0,15.6,0,1091.08
1,28856,8,256,1,0,15.6,0,1895.48
1,38391,8,256,1,0,16.0,0,887.87
1,46877,16,1000,1,12975,15.6,0,3012.09
0,46877,32,1000,1,12975,15.6,1,2818.09
1,38391,8,256,1,0,13.3,0,1369.87
1,38391,16,512,1,0,13.3,1,1323.11
1,38391,16,512,1,0,13.3,1,1779.99
1,38391,16,512,1,0,13.3,1,1581.0
1,14914,8,256,1,0,15.6,0,734.64
0,14914,8,512,1,0,15.6,0,397.29
1,38391,8,512,1,0,15.6,0,1093.01
1,46877,16,1000,1,25376,15.6,0,2835.19
1,46877,16,2000,1,22488,16.0,0,2317.0
1,46877,16,2000,1,22488,17.3,0,2228.59
1,46877,16,1000,1,22488,15.6,0,2299.0
1,46877,16,512,1,17158,17.3,0,1552.82
1,46877,16,1000,1,34870,17.3,0,2532.38
1,46877,16,512,1,22488,15.6,0,1878.04
1,38391,16,512,1,12975,17.3,0,1376.02
0,38391,16,512,1,0,14.0,0,899.0
1,38391,8,256,1,0,15.6,0,684.93
1,28856,8,256,1,0,15.6,0,478.45
1,13516,8,256,1,0,15.6,0,581.01
1,13516,8,512,1,0,15.6,0,593.11
1,13516,8,512,1,0,15.6,0,586.66
1,28856,8,256,1,0,15.6,0,594.22
1,28856,8,512,1,0,15.6,0,709.65
1,28856,8,512,1,0,15.6,0,554.0
1,36398,12,512,1,0,15.6,0,716.14
1,36398,12,512,1,0,15.6,0,673.37
1,36398,8,256,1,0,15.6,0,600.57
1,36398,8,512,1,0,15.6,0,614.0
1,36398,8,512,1,0,15.6,0,601.33
1,28856,8,512,1,0,15.6,0,652.92
1,28856,8,512,1,0,15.6,0,538.98
1,4541,8,256,1,0,15.6,0,335.28
1,38391,8,512,1,0,15.6,0,885.9
1,14914,8,512,1,0,15.6,0,451.46
1,14914,8,256,1,0,15.6,0,378.94
1,14914,8,512,1,0,15.6,0,646.39
1,4541,8,512,1,0,15.6,0,517.01
1,4541,8,256,1,0,15.6,0,354.0
1,4541,8,256,1,0,15.6,0,403.83
1,38391,8,512,1,0,15.6,0,623.66
1,38391,8,512,1,0,15.6,0,521.75
1,38391,8,256,1,0,15.6,0,571.39
1,38391,8,256,1,0,15.6,0,542.99
1,38391,8,256,1,0,15.6,0,494.81
1,38391,8,256,1,0,15.6,0,507.14
1,38391,8,512,1,0,15.6,0,550.78
1,46877,8,512,1,0,15.6,0,734.64
1,38391,8,512,1,0,15.6,0,759.0
1,46877,8,512,1,0,15.6,0,901.0
1,38391,8,512,1,0,15.6,0,526.1
1,38391,8,512,1,0,15.6,0,676.0
1,38391,8,512,1,0,15.6,0,614.99
1,13516,8,256,1,0,15.6,0,461.05
1,14914,8,256,1,0,15.6,0,432.26
1,4541,8,256,1,0,15.6,0,402.22
1,28856,8,256,1,0,15.6,0,476.99
1,46877,8,512,1,0,15.6,0,628.96
1,46877,8,512,1,0,15.6,0,716.14
1,14914,8,512,1,0,17.3,0,661.11
1,38391,8,256,1,0,15.6,0,1730.38
1,14914,8,256,1,0,15.6,0,466.1
1,14914,8,512,1,0,15.6,0,445.89
1,14914,8,256,1,0,15.6,0,586.4
1,38391,8,256,1,0,15.6,0,876.08
1,38391,8,512,1,0,15.6,0,741.0
1,38391,8,256,1,0,15.6,0,791.0
1,38391,8,512,1,0,15.6,0,882.01
1,28856,8,256,1,0,15.6,0,1094.9
1,13516,8,256,1,0,15.6,0,455.55
1,13516,8,256,1,0,15.6,0,839.14
1,28856,8,256,1,0,15.6,0,644.7
1,28856,8,256,1,0,15.6,0,538.99
1,14914,8,256,1,0,14.0,0,581.07
1,38391,8,512,1,0,13.3,0,1049.99
1,46877,16,512,1,6948,,1,1863.52
1,46877,16,1000,1,0,13.5,0,1699.01
1,46877,32,1000,1,0,14.0,0,2502.66
1,38391,16,512,1,0,14.0,0,1624.46
1,38391,8,512,1,0,13.3,0,1042.26
0,38391,8,512,1,0,14.0,0,1474.28
1,38391,8,512,1,0,15.6,0,1064.59
1,38391,8,256,1,0,14.0,0,1519.99
0,38391,16,512,1,0,14.0,0,2025.96
1,38391,8,256,1,0,15.6,0,1015.01
1,38391,16,512,1,0,16.0,0,1463.31
1,38391,16,512,1,0,13.3,1,1999.0
1,38391,8,512,1,0,13.3,1,1051.96
1,36398,12,256,1,0,15.6,0,750.08
1,46877,16,1000,1,17158,16.1,0,1627.74
1,36398,16,512,1,22488,16.1,0,2025.23
1,38391,16,512,1,0,14.0,0,977.0
1,38391,16,512,1,0,14.0,0,920.82
1,28856,16,512,1,0,15.6,0,816.21
1,38391,8,512,1,0,14.0,1,987.0
1,14914,8,256,1,0,14.0,1,793.0
1,46877,16,512,1,0,14.0,1,1205.0
1,38391,8,256,1,0,15.6,0,1399.24
1,38391,8,256,1,0,15.6,0,776.32
1,38391,16,512,1,12975,15.6,0,899.01
1,46877,16,512,1,12975,16.1,0,1220.78
1,46877,16,512,1,12975,16.1,0,1301.0
1,46877,16,512,1,12975,16.1,0,1192.98
1,28856,8,512,1,7858,16.1,0,812.52
1,28856,16,512,1,12975,16.1,0,865.4
1,36398,16,512,1,12975,16.1,0,998.56
1,28856,8,512,1,7858,16.1,0,792.65
1,38391,16,512,1,0,14.0,0,2426.81
1,38391,16,512,1,0,14.0,0,1385.0
1,46877,16,512,1,0,14.0,0,1778.0
1,46877,16,512,1,0,14.0,0,1997.09
1,38391,16,512,1,0,14.0,1,2426.53
1,46877,16,512,1,0,14.0,0,2484.11
0,46877,16,512,1,13813,16.0,0,3697.02
1,46877,32,1000,1,14653,16.0,0,4842.43
1,46877,16,512,1,14653,15.6,0,5368.77
1,46877,32,512,1,17158,16.0,0,3637.71
1,46877,32,1000,1,13813,16.0,0,3777.49
1,4541,8,256,1,0,15.6,0,311.37
1,4541,8,512,1,0,15.6,0,392.55
1,14914,8,256,1,0,15.6,0,469.27
1,46877,16,512,1,0,16.0,0,1720.54
1,46877,16,512,1,0,17.0,0,1646.46
1,28856,8,512,1,0,15.6,0,554.0
1,36398,8,512,1,0,15.6,0,867.0
1,28856,8,512,1,0,15.6,0,531.34
1,36398,8,512,1,0,15.6,0,751.88
0,14914,8,256,1,0,15.6,0,529.0
1,14914,8,512,1,0,15.6,0,547.91
1,28856,8,512,1,0,17.3,0,895.0
1,38391,8,512,1,0,14.0,0,1015.55
1,38391,8,512,1,0,14.0,0,1274.9
1,28856,8,512,1,12975,15.6,0,996.21
1,28856,16,512,1,17158,,0,1505.0
1,36398,16,512,1,12975,15.6,0,949.0
1,38391,16,512,1,12975,15.6,0,1205.99
1,46877,16,512,1,12975,15.6,0,1098.99
1,46877,16,1000,1,22488,15.6,0,2328.0
1,46877,16,512,1,22488,15.6,0,2389.0
1,46877,16,1000,1,17158,16.0,0,1944.0
1,46877,32,1000,1,22488,16.0,0,2417.0
1,62048,32,1000,1,34870,16.0,0,5018.14
1,28856,8,256,1,0,14.0,0,875.05
1,36398,16,512,1,0,14.0,0,1079.91
1,36398,16,512,1,0,14.0,0,1156.47
1,38391,16,512,1,0,14.0,0,988.52
1,46877,16,512,1,0,14.0,0,1357.0
1,38391,8,256,1,0,14.0,0,893.52
0,38391,8,256,1,0,14.0,1,794.99
0,28856,8,256,1,0,15.6,0,786.92
0,14914,8,256,1,0,15.6,0,874.6
1,38391,8,256,1,0,15.6,0,1000.27
0,46877,16,512,1,0,15.6,0,1036.62
1,13516,8,256,1,0,15.6,0,745.0
1,28856,8,256,1,0,15.6,0,846.67
1,36398,16,512,1,0,15.6,0,1149.56
1,38391,8,256,1,0,15.6,0,896.57
0,38391,16,512,1,7858,15.6,0,1350.05
1,36398,16,512,1,17158,16.0,0,2787.22
1,63417,32,1000,1,17158,16.0,0,2424.01
1,36398,16,512,1,17158,16.0,0,1748.99
1,46877,32,1000,1,0,17.3,1,2858.0
1,38391,16,512,1,0,14.0,0,1253.5
1,28856,16,512,1,0,15.6,0,1061.0
1,28856,8,256,1,0,15.6,0,1002.59
1,38391,8,256,1,0,15.6,0,1135.0
1,38391,16,512,1,0,13.3,0,1423.48
1,38391,8,256,1,0,13.3,0,1178.0
1,38391,8,256,1,0,13.3,1,939.67
1,38391,8,256,1,0,13.3,1,1329.0
1,38391,8,512,1,0,14.0,0,919.0
1,38391,8,256,1,0,14.0,0,1161.0
1,46877,16,512,1,0,14.0,0,1555.46
1,46877,16,512,1,0,15.6,0,1354.18
1,46877,16,1000,1,13813,16.0,0,4138.67
1,46877,16,512,1,13813,15.6,0,2048.0
1,46877,16,512,1,13813,,0,2569.0
1,46877,16,512,1,10203,16.0,0,3327.92
1,46877,16,512,1,13813,17.3,0,2577.98
1,38391,8,256,1,0,14.0,0,1782.0
1,38391,16,512,1,0,14.0,0,2068.0
1,38391,8,256,1,0,14.0,0,1223.43
1,46877,16,512,1,0,15.6,0,1506.99
1,38391,8,256,1,0,15.6,0,849.0
1,38391,16,512,1,0,16.0,0,1925.0
1,46877,16,1000,1,0,13.0,0,1959.57
1,38391,8,512,1,0,13.3,0,1358.61
1,36398,16,512,1,0,13.3,0,2068.0
1,36398,16,512,1,0,16.0,0,2281.0
1,46877,16,512,1,0,15.6,0,1999.4
1,13516,8,256,1,0,14.0,0,756.95
1,14914,8,512,1,0,14.0,0,513.87
1,36398,8,512,1,0,15.6,0,564.62
1,46877,8,512,1,0,15.6,0,661.77
1,38391,8,512,1,0,15.6,0,506.61
1,28856,8,256,1,0,15.6,0,718.0
1,28856,8,512,1,0,15.6,0,547.63
1,38391,16,512,1,0,15.6,0,979.0
1,38391,8,256,1,0,15.6,0,842.99
1,4541,8,256,1,0,15.6,0,339.78
1,4541,4,256,1,0,15.6,0,361.0
1,14914,8,512,1,0,15.6,0,576.66
1,28856,8,512,1,0,14.0,1,1311.0
1,46877,16,1000,1,0,14.0,0,2074.68
1,62048,64,2000,1,17829,17.0,1,3448.42
1,46877,16,1000,1,15128,15.6,0,1230.27
1,46877,16,1000,1,22488,15.6,0,2199.31
1,46877,16,512,1,12975,15.6,0,1499.95
1,46877,16,512,1,22488,17.3,0,2303.34
1,46877,16,512,1,0,15.6,0,1214.16
1,46877,16,1000,1,12975,14.0,0,1731.99
1,46877,32,1000,1,39041,17.0,0,3864.4
0,46877,16,1000,1,17158,15.6,0,1799.0
1,46877,32,1000,1,25376,17.3,0,3664.04
1,46877,32,1000,1,0,14.0,0,1708.96
0,46877,32,1000,1,12975,16.0,1,2299.0
1,62048,64,2000,1,39041,17.3,0,4993.11
1,46877,32,1000,1,0,15.6,0,3900.5
1,13516,8,256,1,0,15.6,0,369.85
1,28856,8,256,1,0,15.6,0,399.99
1,28856,8,256,1,0,15.6,0,663.9
1,4541,8,256,1,0,15.6,0,408.24
1,38391,8,512,1,0,15.6,0,598.31
1,38391,8,512,1,0,15.6,0,670.85
1,14914,8,256,1,0,10.5,1,1032.0
1,14914,8,256,1,0,10.5,1,957.81
1,38391,16,512,1,0,13.5,1,2024.05
1,38391,8,256,1,0,13.5,1,951.74
1,38391,8,512,1,0,13.5,1,1668.0
1,46877,8,512,1,0,15.0,1,1251.19
1,36398,8,256,1,0,15.0,1,1649.54
1,38391,16,512,1,0,13.5,1,3747.91
1,38391,8,256,1,0,13.5,1,948.14
1,38391,8,256,1,0,12.4,1,1134.21
1,46877,16,512,1,12975,14.4,1,2264.55
1,38391,16,512,1,0,13.0,1,1916.99
1,46877,16,256,1,0,13.0,1,1724.99
1,46877,16,500,1,11727,15.6,0,1640.98
1,46877,16,500,1,16170,15.6,0,2312.71
1,38391,16,512,1,0,14.0,0,1029.99
1,38391,8,512,1,0,15.6,0,438.46
1,14914,8,256,1,0,15.6,0,346.28
1,46877,16,1000,1,17158,17.3,0,3099.98
1,38391,8,512,1,0,14.0,0,999.0
1,14914,8,256,1,0,14.0,0,799.0
1,46877,16,500,1,0,14.0,0,1123.0
1,46877,16,1000,1,0,14.0,0,1162.0
1,46877,16,1000,1,0,14.0,0,1162.0
1,46877,16,500,1,0,14.0,0,1123.0
1,46877,40,1000,1,0,14.0,0,1217.01
1,46877,40,1000,1,0,14.0,0,1217.01
1,38391,16,500,1,0,14.0,0,994.0
1,46877,16,500,1,0,14.0,0,1123.0
1,46877,16,500,1,0,14.0,0,1123.0
1,38391,8,500,1,0,14.0,0,632.0
0,14914,8,256,1,0,14.0,0,499.0
0,38391,8,512,1,0,15.6,0,519.99
0,38391,8,512,1,0,15.6,0,599.0
0,14914,8,256,1,0,15.6,0,479.0
0,38391,8,512,1,0,15.6,0,599.0
0,46877,16,512,1,0,15.6,0,749.0
0,38391,8,512,1,0,15.6,0,659.0
0,38391,8,256,1,0,14.0,0,569.0
0,38391,16,512,1,0,15.6,0,649.0
0,62048,16,1000,1,12975,13.4,1,3999.0
0,36398,16,512,1,12975,15.6,0,949.0
0,63417,32,1000,1,25376,15.6,0,3099.0
0,36398,32,1000,1,17158,17.3,0,2099.0
0,63417,32,1000,1,22488,17.3,0,2799.0
0,63417,32,1000,1,22488,17.3,0,2353.24
0,62048,32,1000,1,22488,17.3,0,2999.0
0,63417,64,4000,1,25376,16.0,0,3999.0
0,63417,32,1000,1,17158,15.6,0,1599.98
0,63417,32,1000,1,25376,15.6,0,1888.94
0,62048,32,2000,1,25376,16.0,0,3999.0
0,36398,16,1000,1,17158,15.6,0,1799.0
0,38391,16,512,1,12975,15.6,0,1199.0
0,46877,32,1000,1,17158,17.3,0,1799.0
0,38391,16,512,1,0,15.6,0,749.0
0,38391,8,256,1,0,15.6,0,599.0
0,38391,16,512,1,0,15.6,0,699.0
0,36398,16,512,1,0,14.0,0,1099.0
0,36398,16,512,1,0,14.0,0,609.04
0,36398,8,512,1,0,15.6,0,699.0
0,14914,8,256,1,0,15.6,0,316.94
0,38391,12,512,1,0,15.6,0,477.28
0,38391,12,512,1,0,15.6,0,373.49
0,38391,12,256,1,0,15.6,0,391.24
0,46877,8,512,1,0,15.6,0,475.83
0,14914,8,256,1,0,15.6,0,569.0
1,38391,8,512,1,0,15.6,0,810.99
0,14914,8,512,1,0,14.0,0,334.24
0,46877,8,512,1,0,15.6,0,590.88
0,46877,16,512,1,12975,16.0,0,1899.0
0,46877,8,512,1,0,15.6,0,423.58
0,36398,16,512,1,7858,15.6,0,670.53
0,38391,8,256,1,7858,15.6,0,477.59
0,46877,16,512,1,7858,15.6,0,675.24
0,38391,16,512,1,12975,15.6,0,666.69
0,46877,16,512,1,12975,15.6,0,885.94
0,46877,16,512,1,12975,15.6,0,1199.0
0,46877,16,1000,1,17158,15.6,0,1599.0
0,36398,16,1000,1,22488,17.3,0,1214.63
0,46877,16,1000,1,17158,17.3,0,966.04
0,46877,16,1000,1,17158,15.6,0,914.64
0,46877,16,1000,1,17158,15.6,0,1098.29
0,46877,32,1000,1,22488,15.6,0,1344.69
0,46877,32,1000,1,17158,16.0,0,1751.09
0,14914,8,256,1,0,13.3,0,710.0
0,14914,8,256,1,0,13.3,0,727.37
0,14914,8,256,1,0,13.3,0,767.39
0,38391,8,256,1,0,13.3,0,873.6
0,38391,8,256,1,0,13.3,0,1098.08
0,38391,8,256,1,0,13.3,0,755.0
0,38391,8,512,1,0,13.3,0,1020.01
0,38391,8,256,1,0,13.3,0,764.67
0,38391,8,256,1,0,13.3,0,926.65
0,38391,8,256,1,0,13.3,0,764.67
0,38391,8,512,1,0,13.3,0,804.46
0,38391,8,512,1,0,13.3,0,1027.5
0,38391,16,1000,1,0,13.3,0,1491.33
0,38391,16,1000,1,0,13.3,0,1491.33
0,38391,16,512,1,0,13.3,0,1299.75
0,38391,8,256,1,0,13.3,0,816.4
0,38391,8,256,1,0,13.3,0,1155.01
0,38391,8,512,1,0,13.3,0,1063.34
0,38391,8,512,1,0,13.3,0,1299.75
0,46877,16,256,1,0,15.4,0,1118.25
0,46877,16,1000,1,0,13.3,0,1632.5
0,38391,8,1000,1,0,15.6,0,699.0
0,13516,8,256,1,0,15.6,0,469.0
0,38391,8,512,1,0,14.0,0,403.23
0,46877,8,512,1,0,15.6,0,699.0
0,38391,8,256,1,0,14.0,0,549.0
0,63417,32,1000,1,25376,13.4,1,2099.0
0,36398,16,1000,1,17158,15.6,0,1020.84
0,36398,16,1000,1,17158,15.6,0,1183.68
0,63417,16,1000,1,17158,15.6,0,1299.0
0,46877,16,512,1,16170,15.6,0,1106.34
0,63417,32,1000,1,25376,15.6,0,2071.29
0,63417,32,1000,1,22488,17.3,0,1931.64
0,36398,16,1000,1,7858,14.0,0,771.79
0,36398,16,1000,1,7858,14.0,0,852.09
0,63417,16,1000,1,11727,14.0,0,1399.0
0,46877,32,1000,1,18819,17.3,0,1792.89
0,62048,32,3000,1,25376,17.3,0,3499.01
0,46877,16,1000,1,11727,15.6,0,880.19
0,46877,16,1000,1,14113,15.6,0,856.24
0,36398,16,1000,1,22488,15.6,0,1499.0
0,36398,32,1000,1,22488,15.6,0,1397.54
0,63417,32,1000,1,22488,17.3,0,1999.0
0,46877,16,512,1,7858,15.6,0,815.44
0,46877,32,1000,1,16170,17.3,0,1465.79
0,62048,32,1000,1,18819,17.3,0,1770.24
0,63417,64,1000,1,25376,17.3,0,2871.29
0,46877,32,1000,1,18819,17.3,0,1571.74
0,62048,32,1000,1,16170,17.3,0,1861.34
0,36398,16,1000,1,11727,14.0,0,854.59
0,36398,16,1000,1,14113,15.6,0,1091.09
0,46877,16,512,1,14113,15.6,0,1067.29
0,46877,16,1000,1,16170,15.6,0,1271.09
0,46877,16,512,1,16170,17.3,0,1648.69
0,46877,16,512,1,17158,15.6,0,942.84
0,46877,16,1000,1,17158,15.6,0,830.39
0,36398,16,1000,1,14113,15.6,0,757.53
0,36398,16,1000,1,17158,15.6,0,1175.14
0,36398,16,1000,1,22488,15.6,0,1999.0
0,36398,16,1000,1,17158,17.3,0,1270.23
0,46877,16,1000,1,7858,15.6,0,652.19
0,46877,16,512,1,7858,15.6,0,606.09
0,46877,16,512,1,7858,15.6,0,794.74
0,36398,16,512,1,14113,15.6,0,766.09
0,36398,16,1000,1,14113,15.6,0,853.69
0,36398,16,1000,1,7858,15.6,0,647.39
0,36398,16,1000,1,11727,15.6,0,785.69
0,36398,8,512,1,0,14.0,0,495.74
0,14914,8,256,1,0,15.6,0,363.83
0,46877,12,512,1,0,15.6,0,799.0
0,38391,8,512,1,0,15.6,0,549.99
0,38391,8,512,1,0,15.6,0,699.0
0,46877,16,512,1,0,14.0,0,799.0
0,46877,16,512,1,0,15.6,0,799.0
0,38391,8,512,1,0,14.0,0,699.0
0,46877,16,512,1,0,14.0,0,999.0
0,46877,16,512,1,0,14.0,0,849.0
0,36398,16,512,1,0,14.0,0,799.0
0,28856,8,512,1,0,14.0,0,571.54
0,46877,16,512,1,0,14.0,0,950.0
0,46877,16,512,1,0,14.0,0,849.0
0,38391,8,256,1,0,14.0,0,579.2
0,38391,8,256,1,0,14.0,0,489.0
0,38391,8,256,1,0,14.0,0,499.0
0,38391,16,256,1,0,14.0,0,529.0
0,38391,8,256,1,0,14.0,0,519.01
0,28856,8,256,1,0,15.6,0,617.54
0,38391,8,256,1,0,13.3,0,420.74
0,38391,8,512,1,0,13.3,0,511.59
0,38391,8,512,1,0,15.6,0,549.93
0,38391,8,512,1,0,13.4,0,699.0
0,46877,16,512,1,0,13.3,0,1086.88
0,46877,8,256,1,0,15.6,0,427.59
0,46877,8,512,1,0,15.6,0,407.49
0,38391,8,256,1,0,14.0,0,889.0
0,63417,16,512,1,22488,17.3,0,1295.89
0,46877,16,512,1,17158,15.6,0,1333.69
0,46877,16,1000,1,17158,15.6,0,1183.28
0,46877,16,512,1,16170,15.6,0,1128.54
0,62048,16,1000,1,16170,15.6,0,1313.64
0,46877,16,512,1,16170,15.6,0,1110.94
0,46877,16,1000,1,22488,15.6,0,1899.0
0,46877,32,1000,1,22488,15.6,0,1557.69
0,46877,16,512,1,16170,15.6,0,1605.19
0,46877,16,512,1,16170,15.6,0,1263.99
0,62048,32,2000,1,25376,16.0,0,3799.0
0,46877,16,512,1,16170,17.3,0,2257.84
0,46877,16,512,1,14113,15.6,0,808.49
0,46877,16,512,1,16170,15.6,0,966.14
0,46877,16,512,1,16170,15.6,0,1045.94
0,46877,16,512,1,14113,15.6,0,935.69
0,46877,16,512,1,17158,15.6,0,1043.24
0,46877,16,1000,1,17158,15.6,0,1599.0
0,46877,32,512,1,22488,15.6,0,1300.94
0,46877,16,1000,1,22488,15.6,0,1699.0
0,46877,16,1000,1,22488,15.6,0,1304.79
0,46877,32,1000,1,25376,17.3,0,3099.0
0,46877,32,512,1,22488,17.3,0,1478.39
0,46877,16,1000,1,17158,15.6,0,1699.0
0,46877,16,512,1,11727,15.6,0,835.24
0,13516,8,256,1,0,15.6,0,449.0
0,38391,8,512,1,0,15.6,0,407.69
0,38391,8,512,1,0,15.6,0,555.49
0,38391,8,512,1,0,15.6,0,421.27
0,14914,8,256,1,0,15.6,0,334.54
1,14914,8,256,1,0,15.6,0,608.94
0,38391,8,512,1,0,15.6,0,475.99
0,14914,8,512,1,0,15.6,0,392.69
0,28856,8,256,1,0,15.6,0,410.69
0,46877,8,512,1,0,15.6,0,1654.05
0,38391,8,256,1,0,13.3,0,725.89
0,38391,8,256,1,0,13.3,0,1678.02
0,46877,16,512,1,0,13.3,0,1943.51
0,46877,8,256,1,0,14.0,0,538.0
0,46877,16,512,1,0,14.0,0,1689.06
0,38391,8,256,1,0,15.6,0,520.0
0,38391,8,256,1,0,15.6,0,1074.06
0,46877,16,512,1,0,15.6,0,1889.25
0,38391,8,256,1,0,13.3,1,866.0
0,28856,8,512,1,0,15.6,0,599.0
0,36398,16,1000,1,14113,15.6,0,863.44
0,63417,16,1000,1,22488,16.1,0,1242.39
0,46877,16,1000,1,17158,16.1,0,1499.0
0,46877,32,1000,1,17158,16.1,0,1198.64
0,36398,16,512,1,12975,16.1,0,829.33
0,46877,32,1000,1,18819,17.3,0,1297.04
0,46877,32,1000,1,22488,17.3,0,1606.44
0,46877,16,1000,1,16170,15.6,0,911.84
0,36398,16,1000,1,7858,15.6,0,676.84
0,36398,16,1000,1,22488,15.6,0,1199.99
0,36398,16,1000,1,17158,15.6,0,912.44
0,36398,16,512,1,7858,15.6,0,621.54
0,38391,8,512,1,5043,16.1,0,545.38
0,46877,16,512,1,7858,16.1,0,641.14
0,46877,16,512,1,14113,16.1,0,711.94
0,46877,8,512,1,7858,17.3,0,663.38
0,38391,8,256,1,0,13.3,0,749.99
0,38391,8,256,1,0,14.0,0,1335.2
0,38391,8,256,1,0,15.6,0,569.99
0,38391,8,256,1,0,15.6,0,1031.89
0,38391,16,512,1,0,15.6,0,1298.15
0,46877,16,512,1,0,15.6,0,1603.1
0,38391,16,512,1,7858,16.1,0,624.78
0,28856,16,512,1,12975,16.1,0,735.84
0,46877,16,512,1,0,14.0,0,1619.46
0,46877,16,512,1,14653,15.6,0,3848.01
0,62048,32,1000,1,0,15.6,0,4805.65
0,46877,16,512,1,5043,15.6,0,704.24
0,38391,8,256,1,0,13.3,0,609.04
0,46877,32,1000,1,0,17.0,0,1424.19
0,28856,8,512,1,0,15.6,0,569.04
0,38391,8,512,1,0,14.0,0,699.0
0,38391,8,512,1,0,14.0,0,649.0
0,28856,16,512,1,0,15.6,0,1010.27
0,28856,8,512,1,0,15.6,0,713.83
1,38391,16,512,1,0,15.6,0,860.99
0,4541,8,256,1,0,15.6,0,480.95
0,14914,8,256,1,0,15.6,0,307.09
0,14914,8,512,1,0,15.6,0,719.79
0,46877,16,512,1,0,15.6,0,866.86
0,46877,8,512,1,0,15.6,0,934.24
0,38391,16,512,1,0,14.0,0,999.0
0,46877,8,512,1,0,14.0,1,899.0
0,14914,8,256,1,0,14.0,1,537.19
0,36398,8,512,1,0,14.0,1,799.0
0,36398,16,1000,1,17158,15.6,0,1249.0
0,46877,16,512,1,7858,15.6,0,899.0
0,38391,8,512,1,0,15.6,0,802.61
0,46877,8,256,1,0,15.6,0,501.99
0,36398,16,512,1,17158,15.6,0,1150.04
0,36398,16,512,1,17158,15.6,0,1299.0
0,36398,16,1000,1,17158,15.6,0,996.04
0,46877,16,512,1,14113,15.6,0,1475.51
0,46877,32,1000,1,22488,15.6,0,1799.0
0,46877,16,1000,1,17158,16.0,0,2326.78
0,62048,32,1000,1,25376,16.0,0,3337.69
0,46877,16,256,1,11727,15.6,0,875.54
0,46877,16,512,1,7858,15.6,0,860.79
0,14914,8,256,1,0,14.0,0,719.79
0,38391,16,512,1,0,14.0,0,1049.0
0,14914,8,256,1,0,14.0,0,585.29
0,38391,16,512,1,0,14.0,0,976.18
0,13516,8,256,1,0,15.6,0,418.79
0,38391,8,256,1,0,15.6,0,970.48
0,14914,8,256,1,0,15.6,0,426.39
0,38391,8,512,1,0,14.0,0,882.56
0,46877,8,256,1,0,15.6,0,735.92
0,38391,16,512,1,0,13.3,1,1151.84
0,38391,16,512,1,0,14.0,0,1074.06
0,38391,8,256,1,0,13.3,0,1031.46
0,46877,8,256,1,0,14.0,0,1199.0
0,38391,8,256,1,0,15.6,0,846.56
0,38391,8,512,1,0,15.6,0,651.6
0,36398,16,512,1,0,14.0,0,1439.26
0,38391,16,512,1,0,14.0,0,738.0
0,38391,8,256,1,0,14.0,0,1251.91
0,38391,8,256,1,0,14.0,0,475.0
0,46877,8,256,1,0,14.0,0,767.75
0,46877,8,256,1,0,14.0,0,847.12
0,46877,16,512,1,0,14.0,0,898.84
0,38391,8,256,1,0,15.6,0,802.0
0,46877,8,512,1,0,14.0,0,587.32
0,46877,16,512,1,12975,16.0,0,2228.08
0,46877,16,512,1,0,14.0,1,999.0
0,38391,16,512,1,0,13.3,1,1779.0
0,28856,8,256,1,0,14.0,0,739.61
0,38391,8,256,1,0,14.0,0,675.95
0,38391,16,512,1,0,15.6,0,915.07
0,46877,16,512,1,0,15.6,0,786.14
0,14914,8,256,1,0,15.6,0,563.92
0,38391,8,512,1,0,13.9,1,989.47
0,46877,16,512,1,7858,15.6,0,786.84
0,46877,16,1000,1,0,14.0,0,1999.0
0,36398,16,512,1,0,15.6,0,711.94
0,46877,32,1000,1,14113,15.6,1,1414.04
0,46877,32,1000,1,16170,15.6,0,1592.89
0,46877,32,1000,1,16170,17.3,0,2059.49
0,46877,16,512,1,10203,15.6,0,1399.0
0,46877,32,1000,1,14653,17.0,1,3449.0
0,46877,32,1000,1,17158,16.0,0,2149.0
0,46877,16,1000,1,17158,16.0,0,1999.0
0,46877,32,1000,1,17158,16.0,1,2699.0
0,62048,64,2000,1,22488,16.0,1,3699.0
0,62048,64,2000,1,25376,17.0,1,4599.0
0,62048,32,2000,1,25376,17.0,1,3899.0
0,46877,32,1000,1,22488,15.6,0,2299.0
0,46877,32,1000,1,16170,15.6,0,1746.33
0,46877,32,1000,1,17158,15.6,0,1283.43
0,46877,32,1000,1,22488,15.6,0,1366.34
0,62048,32,1000,1,22488,15.6,0,1820.65
0,46877,32,1000,1,22488,15.6,0,1960.24
0,46877,32,1000,1,25376,15.6,0,2115.19
0,46877,32,1000,1,25376,15.6,0,1889.29
0,46877,32,1000,1,18819,17.3,0,1717.18
0,46877,32,1000,1,25376,17.3,0,2429.64
0,46877,32,1000,1,22488,17.3,0,2243.18
0,46877,16,512,1,7858,15.6,0,736.49
0,46877,16,512,1,7858,15.6,0,646.73
0,46877,16,512,1,14113,15.6,0,739.38
0,38391,16,512,1,17158,15.6,0,806.49
0,46877,16,512,1,11727,15.6,0,806.28
0,46877,16,512,1,14113,17.3,0,998.69
0,46877,16,512,1,17158,17.3,0,877.09
0,46877,16,512,1,14113,15.6,0,885.84
0,46877,16,1000,1,11727,15.6,0,1043.94
0,46877,16,512,1,16170,15.6,0,861.99
0,46877,16,1000,1,16170,15.6,0,901.09
0,46877,16,1000,1,14113,17.3,0,937.48
0,46877,16,1000,1,14113,17.3,0,1073.34
0,46877,16,1000,1,14113,17.3,0,1007.59
0,46877,16,1000,1,16170,17.3,0,958.04
0,46877,16,512,1,11727,15.6,0,1182.53
0,46877,16,1000,1,17158,15.6,0,1086.64
0,46877,16,1000,1,17158,15.6,0,1022.79
0,46877,32,1000,1,22488,15.6,0,1949.0
0,46877,16,1000,1,16170,17.3,0,1092.48
0,46877,16,1000,1,22488,17.3,0,1283.54
0,46877,16,1000,1,22488,17.3,0,1979.0
0,46877,16,1000,1,22488,17.3,0,1999.0
0,46877,16,512,1,16170,15.6,0,1430.18
0,46877,32,1000,1,17158,15.6,0,1659.24
0,62048,64,2000,1,22488,15.6,0,2679.88
0,46877,32,1000,1,25376,15.6,0,2256.03
0,46877,32,1000,1,14113,17.3,0,1196.48
0,46877,32,2000,1,18819,17.3,0,2067.84
0,46877,32,1000,1,16170,17.3,0,1721.09
0,46877,64,2000,1,18819,17.3,0,2373.14
0,46877,16,1000,1,12975,15.6,0,916.94
0,46877,16,1000,1,17158,15.6,0,1699.0
0,46877,8,512,1,17158,15.6,0,1469.0
0,46877,16,512,1,22488,15.6,0,1071.44
0,46877,16,1000,1,17158,15.6,0,1749.0
0,46877,16,512,1,17158,15.6,0,1499.0
0,46877,16,512,1,17158,17.3,0,1549.0
0,38391,16,512,1,0,14.0,0,588.29
0,46877,16,512,1,0,14.0,0,649.0
0,46877,16,1000,1,0,14.0,0,711.94
0,46877,16,1000,1,0,14.0,0,644.39
0,46877,16,512,1,0,14.0,0,999.0
0,38391,16,512,1,0,14.0,0,799.0
0,28856,8,512,1,0,14.0,0,642.39
0,38391,16,512,1,0,15.6,0,631.18
0,46877,16,1000,1,0,15.6,0,665.74
0,28856,8,512,1,0,15.6,0,444.19
0,46877,32,1000,1,16170,15.6,0,1764.19
0,46877,16,1000,1,7858,14.0,0,1124.79
0,46877,16,1000,1,7858,14.0,0,1599.0
0,46877,16,512,1,7858,14.0,0,843.14
0,46877,16,512,1,7858,14.0,0,1349.0
0,46877,16,1000,1,12975,14.0,0,1499.0
0,46877,16,512,1,0,14.0,0,1149.0
0,46877,16,512,1,7858,15.6,0,789.19
0,46877,16,1000,1,7858,15.6,0,1022.39
0,46877,32,1000,1,7858,15.6,0,1014.54
0,46877,32,1000,1,7858,15.6,0,1014.19
0,46877,16,512,1,7858,15.6,0,1529.0
0,46877,32,1000,1,7858,15.6,0,1040.54
0,46877,32,1000,1,12975,15.6,0,1599.0
0,46877,16,1000,1,17158,15.6,0,1599.0
0,46877,16,1000,1,17158,15.6,0,1799.0
0,46877,16,1000,1,22488,15.6,0,1899.0
0,46877,16,1000,1,22488,15.6,0,2099.0
0,46877,32,1000,1,17158,17.3,0,1138.23
0,46877,16,1000,1,17158,17.3,0,1334.69
0,46877,16,1000,1,17158,17.3,0,1699.0
0,46877,16,1000,1,17158,17.3,0,1899.0
0,46877,16,1000,1,22488,17.3,0,1999.0
0,46877,16,1000,1,22488,17.3,0,2199.0
0,46877,32,1000,1,17158,15.6,0,2099.0
0,46877,32,1000,1,22488,15.6,0,2799.0
0,62048,32,1000,1,25376,15.6,0,3399.0
0,46877,32,1000,1,22488,15.6,0,2999.0
0,46877,32,1000,1,22488,17.3,0,2749.0
0,46877,32,1000,1,25376,17.3,0,3699.0
0,62048,64,2000,1,22488,17.3,0,3799.0
0,62048,64,2000,1,25376,17.3,0,4699.0
0,46877,32,1000,1,25376,17.3,0,3799.0
0,62048,64,2000,1,22488,17.3,0,3599.0
0,62048,64,2000,1,25376,17.3,0,4499.0
0,46877,16,1000,1,11727,15.6,0,825.64
0,46877,16,1000,1,14113,15.6,0,921.04
0,46877,32,1000,1,17158,15.6,0,1749.0
0,46877,16,1000,1,17158,17.3,0,1749.0
0,46877,32,1000,1,25376,15.6,0,3199.0
0,46877,32,1000,1,25376,15.6,0,3699.0
0,46877,32,1000,1,25376,17.3,0,3249.0
0,46877,32,1000,1,0,13.4,1,1699.0
0,46877,32,1000,1,7858,14.0,1,1582.84
0,46877,16,1000,1,0,14.0,0,1234.33
0,46877,32,1000,1,7858,15.6,1,1320.09
0,62048,64,2000,1,22488,17.3,0,4299.0
0,62048,64,2000,1,25376,17.3,0,4999.0
0,46877,32,1000,1,22488,15.6,0,2499.0
0,46877,16,1000,1,22488,17.3,0,2299.0
0,62048,32,1000,1,22488,17.3,0,2599.0
0,46877,32,1000,1,25376,17.3,0,2899.0
0,46877,16,512,1,0,12.3,0,899.01
0,46877,16,1000,1,0,12.3,0,1776.79
0,46877,16,256,1,0,12.3,0,1094.03
1,46877,32,500,1,19388,15.6,0,1799.9
1,46877,32,500,1,19388,15.6,0,1949.9
0,38391,16,512,1,12975,15.6,0,1049.0
0,46877,16,1000,1,17158,15.6,0,1449.0
0,46877,16,1000,1,22488,17.3,0,1949.0
0,46877,16,512,1,13507,15.6,0,1048.99
0,46877,32,1000,1,25376,15.6,0,1848.14
0,46877,16,1000,1,22488,15.6,0,2899.99
1,46877,16,1000,1,22488,15.6,0,2866.57
0,46877,16,1000,1,17158,15.6,0,2499.98
0,46877,16,1000,1,22488,15.6,0,2899.99
0,46877,32,1000,1,25376,15.6,0,3299.99
0,46877,32,1000,1,25376,15.6,0,3399.99
0,46877,16,512,1,17158,15.6,0,1232.74
0,46877,16,512,1,22488,15.6,0,1583.39
0,62048,32,1000,1,25376,17.3,0,4699.99
0,46877,16,1000,1,17158,17.3,0,2699.99
0,46877,16,1000,1,22488,17.3,0,2899.99
0,46877,32,1000,1,25376,17.3,0,3399.99
